{"_default": {"1": {"user": "109345540608696320", "level": 2, "exp": 108, "exp_range_min": 15, "exp_range_max": 25, "time": 1536057576.3427567}, "2": {"user": "302003797402845184", "level": 2, "exp": 23, "exp_range_min": 15, "exp_range_max": 25, "time": 1536056008.2894795}, "3": {"user": "172461460872495115", "level": 1, "exp": 0, "exp_range_min": 15, "exp_range_max": 25, "time": 1534887080.4184895}, "4": {"user": "166953638961479681", "level": 2, "exp": 71, "exp_range_min": 15, "exp_range_max": 25, "time": 1536056098.738015}, "5": {"user": "111811512204570624", "level": 2, "exp": 57, "exp_range_min": 15, "exp_range_max": 25, "time": 1536057270.3206136}, "6": {"user": "377546073398575105", "level": 1, "exp": 58, "exp_range_min": 15, "exp_range_max": 25, "time": 1536057218.7344956}, "7": {"user": "159985870458322944", "level": 1, "exp": 43, "exp_range_min": 15, "exp_range_max": 25, "time": 1536057328.5488439}, "8": {"user": "108916121851166720", "level": 1, "exp": 0, "exp_range_min": 15, "exp_range_max": 25, "time": 1536056080.0815513}}}