{"_default": {"1": {"user": "109345540608696320", "balance": 774, "time": 1534887059.2182052, "gain": 2}, "2": {"user": "302003797402845184", "balance": 782, "time": 1534887070.8424954, "gain": 2}, "3": {"user": "172461460872495115", "balance": 500, "time": 1534887080.4184895, "gain": 1}, "4": {"user": "166953638961479681", "balance": 783, "time": 1534887089.8313136, "gain": 2}, "5": {"user": "111811512204570624", "balance": 764, "time": 1536055389.6065726, "gain": 2}, "6": {"user": "377546073398575105", "balance": 504, "time": 1536055667.6860123, "gain": 1}, "7": {"user": "159985870458322944", "balance": 507, "time": 1536055950.5384383, "gain": 1}, "8": {"user": "108916121851166720", "balance": 500, "time": 1536056080.0815513, "gain": 1}}}